{
    "data": [
        {
            "type": "qq",
            "link": "https://y.qq.com/n/yqq/song/002GjDqA3CfJYS.html",
            "songid": "002GjDqA3CfJYS",
            "title": "演",
            "author": "ChiliChill,三无Marblue",
            "lrc": "[ti:演]\n[ar:ChiliChill,三无Marblue]\n[al:演]\n[by:v_ruichenxu]\n[00:00.00]演 - ChiliChill/三无Marblue\n[00:02.85]词：ChiliChill\n[00:03.80]曲：ChiliChill\n[00:04.76]音乐制作/编曲：ChiliChill\n[00:08.56]协力键盘编曲：Leo1Bee\n[00:11.90]混音：17@wwwoStudio\n[00:13.32]母带：ChiliChill\n[00:14.76]曾经我刺痛过别人\n[00:18.49]被说不真诚\n[00:21.06]Action\n[00:22.15]于是买了厚厚的剧本\n[00:25.76]教我做好人\n[00:28.43]Action\n[00:29.48]第一幕\n[00:30.26]深呼吸准备\n[00:32.27]扯嘴角大声笑\n[00:33.90]哈哈哈哈哈哈哈哈\n[00:36.93]下一页 123 下跪\n[00:39.70]等五秒再流泪\n[00:41.29]呜呜呜呜\n[00:47.67]场灯灭\n[00:51.42]拉幕帘\n[00:55.12]起配乐\n[00:59.20]我开始了表演\n[01:01.48]雕刻每个细节\n[01:03.49]报酬是我以为\n[01:05.61]不会被讨厌\n[01:07.12]这样的虚伪\n[01:08.74]似乎你也反复排练\n[01:12.64]Inside you\n[01:14.25]我没天赋改变\n[01:16.23]自己的阴暗面\n[01:18.21]有时候真言\n[01:19.90]只会让人破碎\n[01:21.87]虚假的完美\n[01:23.65]好像也能让你陶醉\n[01:27.44]Inside you\n[01:43.51]人类无法主动挑选\n[01:47.04]孤独与灭绝\n[01:49.60]Action\n[01:50.82]于是他们建立了名为\n[01:54.37]社会的剧院\n[01:58.25]我演过依依不舍的人\n[02:00.42]压抑着嫉妒笑着祝福的人\n[02:02.28]幸灾乐祸却安慰的人\n[02:04.12]无所谓的人\n[02:06.54]懂事的人\n[02:07.54]体面的人\n[02:08.69]我唯独没有演过冷漠的人\n[02:16.45]这世界\n[02:20.17]不喜欢\n[02:23.82]这样的人\n[02:28.05]我完成了表演\n[02:29.99]台下掌声如雷\n[02:31.95]用一些谎言\n[02:33.58]换取一些赞美\n[02:35.72]这样的观点\n[02:37.27]是否你也感到可悲\n[02:41.17]Inside you\n[02:43.21]我没办法面对\n[02:44.75]太自由的荒野\n[02:46.73]唯一的慈悲\n[02:48.44]是懒得去亏欠\n[02:50.41]这样的疲惫\n[02:52.06]是否也算一种赎罪\n[02:55.93]Inside you",
            "url": "http://ws.stream.qqmusic.qq.com/C400002GjDqA3CfJYS.m4a?guid=357295447&vkey=A78FD6C4D4F91105D9131632C5C2AB070E29F1DE9602A30676D50B94C10F52ABAD3B5485E0BC4B7511F837D6A75B04BE193B38C535DDCC99__v2b9ab217&uin=&fromtag=120032&src=C400004OILG93f0Vi9.m4a",
            "pic": "https://y.gtimg.cn/music/photo_new/T002R300x300M000000G7Ztl37noC8.jpg"
        },
        {
            "type": "qq",
            "link": "https://y.qq.com/n/yqq/song/000cy4hh0UsOXG.html",
            "songid": "000cy4hh0UsOXG",
            "title": "演",
            "author": "张学友",
            "lrc": "[ti:演]\n[ar:张学友]\n[al:想和你去吹吹风]\n[by:]\n[offset:0]\n[00:00.00]演 - 张学友 (Jacky Cheung)\n[00:08.57]词：林雨\n[00:17.14]曲：洪尧斌\n[00:25.71]一个我一个你在一起\n[00:29.59]\n[00:31.09]一点情一点意一出戏\n[00:35.33]\n[00:36.46]点个灯开扇门\n[00:39.01]我想要扮演爱你的人\n[00:43.01]\n[00:43.58]编剧你的一生\n[00:46.20]\n[00:47.35]有时吻有时恨太传神\n[00:51.11]\n[00:52.54]有时假有时真我难分\n[00:56.87]\n[00:57.97]你的心你的深你的唇\n[01:01.99]\n[01:02.53]都隔着幕一层\n[01:05.13]好让我永远的迷惑\n[01:08.96]\n[01:09.52]看不清\n[01:12.06]\n[01:12.94]每一次离离分分\n[01:16.28]痛的那么逼真\n[01:18.72]\n[01:19.24]谁能改编故事里的人\n[01:22.77]\n[01:23.72]也曾想找个替身\n[01:26.99]换你身边的人\n[01:29.22]\n[01:29.93]陪你反复这一程\n[01:33.15]\n[01:34.82]一个我一个你在一起\n[01:38.61]\n[01:39.97]一点情一点意一出戏\n[01:44.23]\n[01:45.51]点个灯开扇门\n[01:48.01]我想要扮演爱你的人\n[01:51.95]\n[01:52.57]编剧你的一生的人\n[02:00.18]\n[02:23.13]每一次离离分分\n[02:26.32]痛的那么逼真\n[02:28.60]\n[02:29.22]谁能改编故事里的人\n[02:33.73]也曾想找个替身\n[02:36.83]换你身边的人\n[02:39.21]\n[02:39.82]陪你反复这一程\n[02:43.46]\n[02:44.22]才发现导演是你\n[02:47.43]我只是个布景\n[02:50.26]我的出现都由你决定\n[02:54.77]我的爱剪接随你\n[02:57.85]我只是个声音\n[03:01.07]分秒由不得自己\n[03:05.21]\n[03:06.20]表演一生都为你",
            "url": "http://ws.stream.qqmusic.qq.com/C400004Ls3xt1as1Y3.m4a?guid=357295447&vkey=82EEC6F13E169411B62F55DC34CE27A33A179291851F174DB444B5FB62A12D6AA7BA4320FA05A8AE05709B99890C66ECCB5E3A836BCE7E64__v2b9ab217&uin=&fromtag=120032",
            "pic": "https://y.gtimg.cn/music/photo_new/T002R300x300M000002KQHsQ4CYI5b.jpg"
        },
        {
            "type": "qq",
            "link": "https://y.qq.com/n/yqq/song/004Z66xo3qnnLz.html",
            "songid": "004Z66xo3qnnLz",
            "title": "演",
            "author": "谭维维",
            "lrc": "[ti:]\n[ar:]\n[al:]\n[by:QQ音乐动态歌词]\n[offset:0]\n[00:00.00]演\n[00:02.24]词：谭维维\n[00:04.48]曲：曲世聪\n[00:06.72]演唱：谭维维\n[00:08.97]闭上了双眼脑海里一张张脸\n[00:13.77]都是你各种混蛋的表演\n[00:18.48]看着心烦疯狂的昨天\n[00:23.22]你我之间好像没有了语言\n[00:29.13]Love love love love 曾经的誓言\n[00:32.91]为了活到明天有我们的笑脸\n[00:38.70]Love love love love 一字在心间\n[00:42.45]没有钱我们的天一样蓝\n[00:52.08]闭上了双眼脑海里一张张脸\n[00:56.94]都是你各种混蛋的表演\n[01:01.77]离不开忘不了所以我做了决定\n[01:06.54]要和你一样赤裸裸表演\n[01:11.28]你说我欠我说你贱\n[01:16.17]跟你说今天没有了时间\n[01:20.91]看着心烦疯狂的昨天\n[01:25.77]你我之间好像没有了语言\n[01:31.14]Love love love love 曾经的誓言\n[01:35.22]为了活到明天有我们的笑脸\n[01:41.10]Love love love love 一字在心间\n[01:44.85]没有钱我们的天一样蓝\n[01:47.88]Loving loving loving loving 仅有的画面\n[01:54.51]疯狂地亲吻着死了也甘愿\n[01:58.35]Love you love you love you love you 拥有的灿烂\n[02:04.11]到今天为了你变成个混蛋\n[02:28.74]Love love love love 曾经的誓言\n[02:32.88]为了活到明天有我们的笑脸\n[02:38.73]Love love love love 一字在心间\n[02:42.48]没有钱我们的天一样蓝\n[02:45.48]Loving loving loving loving 仅有的画面\n[02:52.14]疯狂地亲吻着死了也甘愿\n[02:57.60]Love you love you love you love you 拥有的灿烂\n[03:01.77]到今天为了你变成个混蛋\n[03:14.00]未经许可,不得翻唱或使用",
            "url": "http://ws.stream.qqmusic.qq.com/C400000KR7He2rdyJO.m4a?guid=357295447&vkey=71ABF366B21F39B47D2155D3E36917070E94D2BCBAEEE8CAE3BC16A5A77B85BA185794F87D2823854D0746BF780D2D53C3AC51288D08A940__v2b9ab217&uin=&fromtag=120032",
            "pic": "https://y.gtimg.cn/music/photo_new/T002R300x300M000004F9Szy2O1zzh.jpg"
        }
    ],
    "code": 200,
    "error": ""
}