<?xml version="1.0" encoding="UTF-8"?>
<project version="4">
  <component name="AutoImportSettings">
    <option name="autoReloadType" value="SELECTIVE" />
  </component>
  <component name="ChangeListManager">
    <list default="true" id="d9d59c8d-5bed-4f43-bbaa-eff89883469e" name="更改" comment="" />
    <option name="SHOW_DIALOG" value="false" />
    <option name="HIGHLIGHT_CONFLICTS" value="true" />
    <option name="HIGHLIGHT_NON_ACTIVE_CHANGELIST" value="false" />
    <option name="LAST_RESOLUTION" value="IGNORE" />
  </component>
  <component name="MarkdownSettingsMigration">
    <option name="stateVersion" value="1" />
  </component>
  <component name="ProjectColorInfo">{
  &quot;associatedIndex&quot;: 5
}</component>
  <component name="ProjectId" id="2tz4tMwV7LABWfGFa56CR0TEVyX" />
  <component name="ProjectViewState">
    <option name="hideEmptyMiddlePackages" value="true" />
    <option name="showLibraryContents" value="true" />
  </component>
  <component name="PropertiesComponent">{
  &quot;keyToString&quot;: {
    &quot;RunOnceActivity.OpenProjectViewOnStart&quot;: &quot;true&quot;,
    &quot;RunOnceActivity.ShowReadmeOnStart&quot;: &quot;true&quot;,
    &quot;dart.analysis.tool.window.visible&quot;: &quot;false&quot;
  }
}</component>
  <component name="SharedIndexes">
    <attachedChunks>
      <set>
        <option value="bundled-python-sdk-d68999036c7f-d3b881c8e49f-com.jetbrains.pycharm.community.sharedIndexes.bundled-PC-233.14475.56" />
      </set>
    </attachedChunks>
  </component>
  <component name="SpellCheckerSettings" RuntimeDictionaries="0" Folders="0" CustomDictionaries="0" DefaultDictionary="应用程序级" UseSingleDictionary="true" transferred="true" />
  <component name="TaskManager">
    <task active="true" id="Default" summary="默认任务">
      <changelist id="d9d59c8d-5bed-4f43-bbaa-eff89883469e" name="更改" comment="" />
      <created>1741341783191</created>
      <option name="number" value="Default" />
      <option name="presentableId" value="Default" />
      <updated>1741341783191</updated>
    </task>
    <servers />
  </component>
</project>